MSE,RMSE,MAPE,RAE,R2
0.00502014048397541,0.07079956077452819,0.20866790115833284,0.940277922153473
